SampleID	Gender	FastqR1	FastqR2	BAM/CRAM	gVCF
SAMEA1469947	.	.	.	/cbio/datasets/human/ggvp.improve/b37/bam/SAMEA1469947/SAMEA1469947.bam	.
SAMEA1469948	.	.	.	/cbio/datasets/human/ggvp.improve/b37/bam/SAMEA1469948/SAMEA1469948.bam	.
SAMEA1469949	.	.	.	/cbio/datasets/human/ggvp.improve/b37/bam/SAMEA1469949/SAMEA1469949.bam	.
SAMEA1469950	.	.	.	/cbio/datasets/human/ggvp.improve/b37/bam/SAMEA1469950/SAMEA1469950.bam	.
SAMEA1469951	.	.	.	/cbio/datasets/human/ggvp.improve/b37/bam/SAMEA1469951/SAMEA1469951.bam	.
SAMEA1469952	.	.	.	/cbio/datasets/human/ggvp.improve/b37/bam/SAMEA1469952/SAMEA1469952.bam	.
SAMEA1469953	.	.	.	/cbio/datasets/human/ggvp.improve/b37/bam/SAMEA1469953/SAMEA1469953.bam	.
SAMEA1469954	.	.	.	/cbio/datasets/human/ggvp.improve/b37/bam/SAMEA1469954/SAMEA1469954.bam	.
SAMEA1469955	.	.	.	/cbio/datasets/human/ggvp.improve/b37/bam/SAMEA1469955/SAMEA1469955.bam	.
SAMEA1469956	.	.	.	/cbio/datasets/human/ggvp.improve/b37/bam/SAMEA1469956/SAMEA1469956.bam	.
SAMEA1469957	.	.	.	/cbio/datasets/human/ggvp.improve/b37/bam/SAMEA1469957/SAMEA1469957.bam	.
SAMEA1469958	.	.	.	/cbio/datasets/human/ggvp.improve/b37/bam/SAMEA1469958/SAMEA1469958.bam	.
SAMEA1469959	.	.	.	/cbio/datasets/human/ggvp.improve/b37/bam/SAMEA1469959/SAMEA1469959.bam	.
SAMEA1469960	.	.	.	/cbio/datasets/human/ggvp.improve/b37/bam/SAMEA1469960/SAMEA1469960.bam	.
SAMEA1469961	.	.	.	/cbio/datasets/human/ggvp.improve/b37/bam/SAMEA1469961/SAMEA1469961.bam	.
SAMEA1469962	.	.	.	/cbio/datasets/human/ggvp.improve/b37/bam/SAMEA1469962/SAMEA1469962.bam	.
SAMEA1469963	.	.	.	/cbio/datasets/human/ggvp.improve/b37/bam/SAMEA1469963/SAMEA1469963.bam	.
SAMEA1469964	.	.	.	/cbio/datasets/human/ggvp.improve/b37/bam/SAMEA1469964/SAMEA1469964.bam	.
SAMEA1469965	.	.	.	/cbio/datasets/human/ggvp.improve/b37/bam/SAMEA1469965/SAMEA1469965.bam	.
SAMEA1469966	.	.	.	/cbio/datasets/human/ggvp.improve/b37/bam/SAMEA1469966/SAMEA1469966.bam	.
SAMEA1469967	.	.	.	/cbio/datasets/human/ggvp.improve/b37/bam/SAMEA1469967/SAMEA1469967.bam	.
SAMEA1469968	.	.	.	/cbio/datasets/human/ggvp.improve/b37/bam/SAMEA1469968/SAMEA1469968.bam	.
SAMEA1469969	.	.	.	/cbio/datasets/human/ggvp.improve/b37/bam/SAMEA1469969/SAMEA1469969.bam	.
SAMEA1469970	.	.	.	/cbio/datasets/human/ggvp.improve/b37/bam/SAMEA1469970/SAMEA1469970.bam	.
SAMEA1469971	.	.	.	/cbio/datasets/human/ggvp.improve/b37/bam/SAMEA1469971/SAMEA1469971.bam	.
SAMEA1469972	.	.	.	/cbio/datasets/human/ggvp.improve/b37/bam/SAMEA1469972/SAMEA1469972.bam	.
SAMEA1469973	.	.	.	/cbio/datasets/human/ggvp.improve/b37/bam/SAMEA1469973/SAMEA1469973.bam	.
SAMEA1469974	.	.	.	/cbio/datasets/human/ggvp.improve/b37/bam/SAMEA1469974/SAMEA1469974.bam	.
SAMEA1469975	.	.	.	/cbio/datasets/human/ggvp.improve/b37/bam/SAMEA1469975/SAMEA1469975.bam	.
SAMEA1469976	.	.	.	/cbio/datasets/human/ggvp.improve/b37/bam/SAMEA1469976/SAMEA1469976.bam	.
SAMEA1469977	.	.	.	/cbio/datasets/human/ggvp.improve/b37/bam/SAMEA1469977/SAMEA1469977.bam	.
SAMEA1469978	.	.	.	/cbio/datasets/human/ggvp.improve/b37/bam/SAMEA1469978/SAMEA1469978.bam	.
SAMEA1469979	.	.	.	/cbio/datasets/human/ggvp.improve/b37/bam/SAMEA1469979/SAMEA1469979.bam	.
SAMEA1469980	.	.	.	/cbio/datasets/human/ggvp.improve/b37/bam/SAMEA1469980/SAMEA1469980.bam	.
SAMEA1469981	.	.	.	/cbio/datasets/human/ggvp.improve/b37/bam/SAMEA1469981/SAMEA1469981.bam	.
SAMEA1469982	.	.	.	/cbio/datasets/human/ggvp.improve/b37/bam/SAMEA1469982/SAMEA1469982.bam	.
SAMEA1469983	.	.	.	/cbio/datasets/human/ggvp.improve/b37/bam/SAMEA1469983/SAMEA1469983.bam	.
SAMEA1469984	.	.	.	/cbio/datasets/human/ggvp.improve/b37/bam/SAMEA1469984/SAMEA1469984.bam	.
SAMEA1469985	.	.	.	/cbio/datasets/human/ggvp.improve/b37/bam/SAMEA1469985/SAMEA1469985.bam	.
SAMEA1469986	.	.	.	/cbio/datasets/human/ggvp.improve/b37/bam/SAMEA1469986/SAMEA1469986.bam	.
SAMEA1469987	.	.	.	/cbio/datasets/human/ggvp.improve/b37/bam/SAMEA1469987/SAMEA1469987.bam	.
SAMEA1469988	.	.	.	/cbio/datasets/human/ggvp.improve/b37/bam/SAMEA1469988/SAMEA1469988.bam	.
SAMEA1469989	.	.	.	/cbio/datasets/human/ggvp.improve/b37/bam/SAMEA1469989/SAMEA1469989.bam	.
SAMEA1469990	.	.	.	/cbio/datasets/human/ggvp.improve/b37/bam/SAMEA1469990/SAMEA1469990.bam	.
SAMEA1469991	.	.	.	/cbio/datasets/human/ggvp.improve/b37/bam/SAMEA1469991/SAMEA1469991.bam	.
SAMEA1469992	.	.	.	/cbio/datasets/human/ggvp.improve/b37/bam/SAMEA1469992/SAMEA1469992.bam	.
SAMEA1469993	.	.	.	/cbio/datasets/human/ggvp.improve/b37/bam/SAMEA1469993/SAMEA1469993.bam	.
SAMEA1469994	.	.	.	/cbio/datasets/human/ggvp.improve/b37/bam/SAMEA1469994/SAMEA1469994.bam	.
SAMEA1469995	.	.	.	/cbio/datasets/human/ggvp.improve/b37/bam/SAMEA1469995/SAMEA1469995.bam	.
SAMEA1469996	.	.	.	/cbio/datasets/human/ggvp.improve/b37/bam/SAMEA1469996/SAMEA1469996.bam	.
SAMEA1469997	.	.	.	/cbio/datasets/human/ggvp.improve/b37/bam/SAMEA1469997/SAMEA1469997.bam	.
SAMEA1469998	.	.	.	/cbio/datasets/human/ggvp.improve/b37/bam/SAMEA1469998/SAMEA1469998.bam	.
SAMEA1469999	.	.	.	/cbio/datasets/human/ggvp.improve/b37/bam/SAMEA1469999/SAMEA1469999.bam	.
SAMEA1470000	.	.	.	/cbio/datasets/human/ggvp.improve/b37/bam/SAMEA1470000/SAMEA1470000.bam	.
SAMEA1470001	.	.	.	/cbio/datasets/human/ggvp.improve/b37/bam/SAMEA1470001/SAMEA1470001.bam	.
SAMEA1470002	.	.	.	/cbio/datasets/human/ggvp.improve/b37/bam/SAMEA1470002/SAMEA1470002.bam	.
SAMEA1470003	.	.	.	/cbio/datasets/human/ggvp.improve/b37/bam/SAMEA1470003/SAMEA1470003.bam	.
SAMEA1470004	.	.	.	/cbio/datasets/human/ggvp.improve/b37/bam/SAMEA1470004/SAMEA1470004.bam	.
SAMEA1470005	.	.	.	/cbio/datasets/human/ggvp.improve/b37/bam/SAMEA1470005/SAMEA1470005.bam	.
SAMEA1470006	.	.	.	/cbio/datasets/human/ggvp.improve/b37/bam/SAMEA1470006/SAMEA1470006.bam	.
SAMEA1470007	.	.	.	/cbio/datasets/human/ggvp.improve/b37/bam/SAMEA1470007/SAMEA1470007.bam	.
SAMEA1470008	.	.	.	/cbio/datasets/human/ggvp.improve/b37/bam/SAMEA1470008/SAMEA1470008.bam	.
SAMEA1470009	.	.	.	/cbio/datasets/human/ggvp.improve/b37/bam/SAMEA1470009/SAMEA1470009.bam	.
SAMEA1470010	.	.	.	/cbio/datasets/human/ggvp.improve/b37/bam/SAMEA1470010/SAMEA1470010.bam	.
SAMEA1470011	.	.	.	/cbio/datasets/human/ggvp.improve/b37/bam/SAMEA1470011/SAMEA1470011.bam	.
SAMEA1470012	.	.	.	/cbio/datasets/human/ggvp.improve/b37/bam/SAMEA1470012/SAMEA1470012.bam	.
SAMEA1470013	.	.	.	/cbio/datasets/human/ggvp.improve/b37/bam/SAMEA1470013/SAMEA1470013.bam	.
SAMEA1470014	.	.	.	/cbio/datasets/human/ggvp.improve/b37/bam/SAMEA1470014/SAMEA1470014.bam	.
SAMEA1470015	.	.	.	/cbio/datasets/human/ggvp.improve/b37/bam/SAMEA1470015/SAMEA1470015.bam	.
SAMEA1470016	.	.	.	/cbio/datasets/human/ggvp.improve/b37/bam/SAMEA1470016/SAMEA1470016.bam	.
SAMEA1470017	.	.	.	/cbio/datasets/human/ggvp.improve/b37/bam/SAMEA1470017/SAMEA1470017.bam	.
SAMEA1470018	.	.	.	/cbio/datasets/human/ggvp.improve/b37/bam/SAMEA1470018/SAMEA1470018.bam	.
SAMEA1531770	.	.	.	/cbio/datasets/human/ggvp.improve/b37/bam/SAMEA1531770/SAMEA1531770.bam	.
SAMEA1531771	.	.	.	/cbio/datasets/human/ggvp.improve/b37/bam/SAMEA1531771/SAMEA1531771.bam	.
SAMEA1531772	.	.	.	/cbio/datasets/human/ggvp.improve/b37/bam/SAMEA1531772/SAMEA1531772.bam	.
SAMEA1531773	.	.	.	/cbio/datasets/human/ggvp.improve/b37/bam/SAMEA1531773/SAMEA1531773.bam	.
SAMEA1531774	.	.	.	/cbio/datasets/human/ggvp.improve/b37/bam/SAMEA1531774/SAMEA1531774.bam	.
SAMEA1531775	.	.	.	/cbio/datasets/human/ggvp.improve/b37/bam/SAMEA1531775/SAMEA1531775.bam	.
SAMEA1531776	.	.	.	/cbio/datasets/human/ggvp.improve/b37/bam/SAMEA1531776/SAMEA1531776.bam	.
SAMEA1531777	.	.	.	/cbio/datasets/human/ggvp.improve/b37/bam/SAMEA1531777/SAMEA1531777.bam	.
SAMEA1531778	.	.	.	/cbio/datasets/human/ggvp.improve/b37/bam/SAMEA1531778/SAMEA1531778.bam	.
SAMEA1531779	.	.	.	/cbio/datasets/human/ggvp.improve/b37/bam/SAMEA1531779/SAMEA1531779.bam	.
SAMEA1531780	.	.	.	/cbio/datasets/human/ggvp.improve/b37/bam/SAMEA1531780/SAMEA1531780.bam	.
SAMEA1531781	.	.	.	/cbio/datasets/human/ggvp.improve/b37/bam/SAMEA1531781/SAMEA1531781.bam	.
SAMEA1531782	.	.	.	/cbio/datasets/human/ggvp.improve/b37/bam/SAMEA1531782/SAMEA1531782.bam	.
SAMEA1531783	.	.	.	/cbio/datasets/human/ggvp.improve/b37/bam/SAMEA1531783/SAMEA1531783.bam	.
SAMEA1531784	.	.	.	/cbio/datasets/human/ggvp.improve/b37/bam/SAMEA1531784/SAMEA1531784.bam	.
SAMEA1531785	.	.	.	/cbio/datasets/human/ggvp.improve/b37/bam/SAMEA1531785/SAMEA1531785.bam	.
SAMEA1531786	.	.	.	/cbio/datasets/human/ggvp.improve/b37/bam/SAMEA1531786/SAMEA1531786.bam	.
SAMEA1531787	.	.	.	/cbio/datasets/human/ggvp.improve/b37/bam/SAMEA1531787/SAMEA1531787.bam	.
SAMEA1531788	.	.	.	/cbio/datasets/human/ggvp.improve/b37/bam/SAMEA1531788/SAMEA1531788.bam	.
SAMEA1531789	.	.	.	/cbio/datasets/human/ggvp.improve/b37/bam/SAMEA1531789/SAMEA1531789.bam	.
SAMEA1531790	.	.	.	/cbio/datasets/human/ggvp.improve/b37/bam/SAMEA1531790/SAMEA1531790.bam	.
SAMEA1531791	.	.	.	/cbio/datasets/human/ggvp.improve/b37/bam/SAMEA1531791/SAMEA1531791.bam	.
SAMEA1531792	.	.	.	/cbio/datasets/human/ggvp.improve/b37/bam/SAMEA1531792/SAMEA1531792.bam	.
SAMEA1531793	.	.	.	/cbio/datasets/human/ggvp.improve/b37/bam/SAMEA1531793/SAMEA1531793.bam	.
SAMEA1531794	.	.	.	/cbio/datasets/human/ggvp.improve/b37/bam/SAMEA1531794/SAMEA1531794.bam	.
SAMEA1531795	.	.	.	/cbio/datasets/human/ggvp.improve/b37/bam/SAMEA1531795/SAMEA1531795.bam	.
SAMEA1531796	.	.	.	/cbio/datasets/human/ggvp.improve/b37/bam/SAMEA1531796/SAMEA1531796.bam	.
SAMEA1531797	.	.	.	/cbio/datasets/human/ggvp.improve/b37/bam/SAMEA1531797/SAMEA1531797.bam	.
SAMEA1572888	.	.	.	/cbio/datasets/human/ggvp.improve/b37/bam/SAMEA1572888/SAMEA1572888.bam	.
SAMEA1572889	.	.	.	/cbio/datasets/human/ggvp.improve/b37/bam/SAMEA1572889/SAMEA1572889.bam	.
SAMEA1572890	.	.	.	/cbio/datasets/human/ggvp.improve/b37/bam/SAMEA1572890/SAMEA1572890.bam	.
SAMEA1572891	.	.	.	/cbio/datasets/human/ggvp.improve/b37/bam/SAMEA1572891/SAMEA1572891.bam	.
SAMEA1572892	.	.	.	/cbio/datasets/human/ggvp.improve/b37/bam/SAMEA1572892/SAMEA1572892.bam	.
SAMEA1572893	.	.	.	/cbio/datasets/human/ggvp.improve/b37/bam/SAMEA1572893/SAMEA1572893.bam	.
SAMEA1572894	.	.	.	/cbio/datasets/human/ggvp.improve/b37/bam/SAMEA1572894/SAMEA1572894.bam	.
SAMEA1572895	.	.	.	/cbio/datasets/human/ggvp.improve/b37/bam/SAMEA1572895/SAMEA1572895.bam	.
SAMEA1572896	.	.	.	/cbio/datasets/human/ggvp.improve/b37/bam/SAMEA1572896/SAMEA1572896.bam	.
SAMEA1572897	.	.	.	/cbio/datasets/human/ggvp.improve/b37/bam/SAMEA1572897/SAMEA1572897.bam	.
SAMEA1572898	.	.	.	/cbio/datasets/human/ggvp.improve/b37/bam/SAMEA1572898/SAMEA1572898.bam	.
SAMEA1572899	.	.	.	/cbio/datasets/human/ggvp.improve/b37/bam/SAMEA1572899/SAMEA1572899.bam	.
SAMEA1572900	.	.	.	/cbio/datasets/human/ggvp.improve/b37/bam/SAMEA1572900/SAMEA1572900.bam	.
SAMEA1572901	.	.	.	/cbio/datasets/human/ggvp.improve/b37/bam/SAMEA1572901/SAMEA1572901.bam	.
SAMEA1572902	.	.	.	/cbio/datasets/human/ggvp.improve/b37/bam/SAMEA1572902/SAMEA1572902.bam	.
SAMEA1572903	.	.	.	/cbio/datasets/human/ggvp.improve/b37/bam/SAMEA1572903/SAMEA1572903.bam	.
SAMEA1692367	.	.	.	/cbio/datasets/human/ggvp.improve/b37/bam/SAMEA1692367/SAMEA1692367.bam	.
SAMEA1692368	.	.	.	/cbio/datasets/human/ggvp.improve/b37/bam/SAMEA1692368/SAMEA1692368.bam	.
SAMEA1692369	.	.	.	/cbio/datasets/human/ggvp.improve/b37/bam/SAMEA1692369/SAMEA1692369.bam	.
SAMEA1692370	.	.	.	/cbio/datasets/human/ggvp.improve/b37/bam/SAMEA1692370/SAMEA1692370.bam	.
SAMEA1692371	.	.	.	/cbio/datasets/human/ggvp.improve/b37/bam/SAMEA1692371/SAMEA1692371.bam	.
SAMEA1692372	.	.	.	/cbio/datasets/human/ggvp.improve/b37/bam/SAMEA1692372/SAMEA1692372.bam	.
SAMEA1692373	.	.	.	/cbio/datasets/human/ggvp.improve/b37/bam/SAMEA1692373/SAMEA1692373.bam	.
SAMEA1692374	.	.	.	/cbio/datasets/human/ggvp.improve/b37/bam/SAMEA1692374/SAMEA1692374.bam	.
SAMEA1692375	.	.	.	/cbio/datasets/human/ggvp.improve/b37/bam/SAMEA1692375/SAMEA1692375.bam	.
SAMEA1692376	.	.	.	/cbio/datasets/human/ggvp.improve/b37/bam/SAMEA1692376/SAMEA1692376.bam	.
SAMEA1692377	.	.	.	/cbio/datasets/human/ggvp.improve/b37/bam/SAMEA1692377/SAMEA1692377.bam	.
SAMEA1692378	.	.	.	/cbio/datasets/human/ggvp.improve/b37/bam/SAMEA1692378/SAMEA1692378.bam	.
SAMEA1692379	.	.	.	/cbio/datasets/human/ggvp.improve/b37/bam/SAMEA1692379/SAMEA1692379.bam	.
SAMEA1692380	.	.	.	/cbio/datasets/human/ggvp.improve/b37/bam/SAMEA1692380/SAMEA1692380.bam	.
SAMEA1692381	.	.	.	/cbio/datasets/human/ggvp.improve/b37/bam/SAMEA1692381/SAMEA1692381.bam	.
SAMEA1692382	.	.	.	/cbio/datasets/human/ggvp.improve/b37/bam/SAMEA1692382/SAMEA1692382.bam	.
SAMEA1692383	.	.	.	/cbio/datasets/human/ggvp.improve/b37/bam/SAMEA1692383/SAMEA1692383.bam	.
SAMEA1692384	.	.	.	/cbio/datasets/human/ggvp.improve/b37/bam/SAMEA1692384/SAMEA1692384.bam	.
SAMEA1692385	.	.	.	/cbio/datasets/human/ggvp.improve/b37/bam/SAMEA1692385/SAMEA1692385.bam	.
SAMEA1692386	.	.	.	/cbio/datasets/human/ggvp.improve/b37/bam/SAMEA1692386/SAMEA1692386.bam	.
SAMEA1692387	.	.	.	/cbio/datasets/human/ggvp.improve/b37/bam/SAMEA1692387/SAMEA1692387.bam	.
SAMEA1692388	.	.	.	/cbio/datasets/human/ggvp.improve/b37/bam/SAMEA1692388/SAMEA1692388.bam	.
SAMEA1692389	.	.	.	/cbio/datasets/human/ggvp.improve/b37/bam/SAMEA1692389/SAMEA1692389.bam	.
SAMEA1692390	.	.	.	/cbio/datasets/human/ggvp.improve/b37/bam/SAMEA1692390/SAMEA1692390.bam	.
SAMEA1692391	.	.	.	/cbio/datasets/human/ggvp.improve/b37/bam/SAMEA1692391/SAMEA1692391.bam	.
SAMEA1692392	.	.	.	/cbio/datasets/human/ggvp.improve/b37/bam/SAMEA1692392/SAMEA1692392.bam	.
SAMEA1692393	.	.	.	/cbio/datasets/human/ggvp.improve/b37/bam/SAMEA1692393/SAMEA1692393.bam	.
SAMEA1692394	.	.	.	/cbio/datasets/human/ggvp.improve/b37/bam/SAMEA1692394/SAMEA1692394.bam	.
SAMEA1692395	.	.	.	/cbio/datasets/human/ggvp.improve/b37/bam/SAMEA1692395/SAMEA1692395.bam	.
SAMEA1692396	.	.	.	/cbio/datasets/human/ggvp.improve/b37/bam/SAMEA1692396/SAMEA1692396.bam	.
SAMEA1692397	.	.	.	/cbio/datasets/human/ggvp.improve/b37/bam/SAMEA1692397/SAMEA1692397.bam	.
SAMEA1692398	.	.	.	/cbio/datasets/human/ggvp.improve/b37/bam/SAMEA1692398/SAMEA1692398.bam	.
SAMEA1692399	.	.	.	/cbio/datasets/human/ggvp.improve/b37/bam/SAMEA1692399/SAMEA1692399.bam	.
SAMEA1692400	.	.	.	/cbio/datasets/human/ggvp.improve/b37/bam/SAMEA1692400/SAMEA1692400.bam	.
SAMEA1692401	.	.	.	/cbio/datasets/human/ggvp.improve/b37/bam/SAMEA1692401/SAMEA1692401.bam	.
SAMEA1692402	.	.	.	/cbio/datasets/human/ggvp.improve/b37/bam/SAMEA1692402/SAMEA1692402.bam	.
SAMEA1692403	.	.	.	/cbio/datasets/human/ggvp.improve/b37/bam/SAMEA1692403/SAMEA1692403.bam	.
SAMEA1692404	.	.	.	/cbio/datasets/human/ggvp.improve/b37/bam/SAMEA1692404/SAMEA1692404.bam	.
SAMEA1692405	.	.	.	/cbio/datasets/human/ggvp.improve/b37/bam/SAMEA1692405/SAMEA1692405.bam	.
SAMEA1692406	.	.	.	/cbio/datasets/human/ggvp.improve/b37/bam/SAMEA1692406/SAMEA1692406.bam	.
SAMEA1692407	.	.	.	/cbio/datasets/human/ggvp.improve/b37/bam/SAMEA1692407/SAMEA1692407.bam	.
SAMEA1692408	.	.	.	/cbio/datasets/human/ggvp.improve/b37/bam/SAMEA1692408/SAMEA1692408.bam	.
SAMEA1692409	.	.	.	/cbio/datasets/human/ggvp.improve/b37/bam/SAMEA1692409/SAMEA1692409.bam	.
SAMEA1692410	.	.	.	/cbio/datasets/human/ggvp.improve/b37/bam/SAMEA1692410/SAMEA1692410.bam	.
SAMEA1692411	.	.	.	/cbio/datasets/human/ggvp.improve/b37/bam/SAMEA1692411/SAMEA1692411.bam	.
SAMEA1692412	.	.	.	/cbio/datasets/human/ggvp.improve/b37/bam/SAMEA1692412/SAMEA1692412.bam	.
SAMEA1692413	.	.	.	/cbio/datasets/human/ggvp.improve/b37/bam/SAMEA1692413/SAMEA1692413.bam	.
SAMEA1692414	.	.	.	/cbio/datasets/human/ggvp.improve/b37/bam/SAMEA1692414/SAMEA1692414.bam	.
SAMEA1692415	.	.	.	/cbio/datasets/human/ggvp.improve/b37/bam/SAMEA1692415/SAMEA1692415.bam	.
SAMEA1692416	.	.	.	/cbio/datasets/human/ggvp.improve/b37/bam/SAMEA1692416/SAMEA1692416.bam	.
SAMEA1692417	.	.	.	/cbio/datasets/human/ggvp.improve/b37/bam/SAMEA1692417/SAMEA1692417.bam	.
SAMEA1692418	.	.	.	/cbio/datasets/human/ggvp.improve/b37/bam/SAMEA1692418/SAMEA1692418.bam	.
SAMEA1692419	.	.	.	/cbio/datasets/human/ggvp.improve/b37/bam/SAMEA1692419/SAMEA1692419.bam	.
SAMEA1692420	.	.	.	/cbio/datasets/human/ggvp.improve/b37/bam/SAMEA1692420/SAMEA1692420.bam	.
SAMEA1692421	.	.	.	/cbio/datasets/human/ggvp.improve/b37/bam/SAMEA1692421/SAMEA1692421.bam	.
SAMEA1692422	.	.	.	/cbio/datasets/human/ggvp.improve/b37/bam/SAMEA1692422/SAMEA1692422.bam	.
SAMEA1692423	.	.	.	/cbio/datasets/human/ggvp.improve/b37/bam/SAMEA1692423/SAMEA1692423.bam	.
SAMEA1692424	.	.	.	/cbio/datasets/human/ggvp.improve/b37/bam/SAMEA1692424/SAMEA1692424.bam	.
SAMEA1692425	.	.	.	/cbio/datasets/human/ggvp.improve/b37/bam/SAMEA1692425/SAMEA1692425.bam	.
SAMEA1692426	.	.	.	/cbio/datasets/human/ggvp.improve/b37/bam/SAMEA1692426/SAMEA1692426.bam	.
SAMEA1692427	.	.	.	/cbio/datasets/human/ggvp.improve/b37/bam/SAMEA1692427/SAMEA1692427.bam	.
SAMEA1692428	.	.	.	/cbio/datasets/human/ggvp.improve/b37/bam/SAMEA1692428/SAMEA1692428.bam	.
SAMEA1692429	.	.	.	/cbio/datasets/human/ggvp.improve/b37/bam/SAMEA1692429/SAMEA1692429.bam	.
SAMEA1692430	.	.	.	/cbio/datasets/human/ggvp.improve/b37/bam/SAMEA1692430/SAMEA1692430.bam	.
SAMEA1692431	.	.	.	/cbio/datasets/human/ggvp.improve/b37/bam/SAMEA1692431/SAMEA1692431.bam	.
SAMEA1692432	.	.	.	/cbio/datasets/human/ggvp.improve/b37/bam/SAMEA1692432/SAMEA1692432.bam	.
SAMEA1692433	.	.	.	/cbio/datasets/human/ggvp.improve/b37/bam/SAMEA1692433/SAMEA1692433.bam	.
SAMEA1692434	.	.	.	/cbio/datasets/human/ggvp.improve/b37/bam/SAMEA1692434/SAMEA1692434.bam	.
SAMEA1692435	.	.	.	/cbio/datasets/human/ggvp.improve/b37/bam/SAMEA1692435/SAMEA1692435.bam	.
SAMEA1692436	.	.	.	/cbio/datasets/human/ggvp.improve/b37/bam/SAMEA1692436/SAMEA1692436.bam	.
SAMEA1692437	.	.	.	/cbio/datasets/human/ggvp.improve/b37/bam/SAMEA1692437/SAMEA1692437.bam	.
SAMEA1692438	.	.	.	/cbio/datasets/human/ggvp.improve/b37/bam/SAMEA1692438/SAMEA1692438.bam	.
SAMEA1692439	.	.	.	/cbio/datasets/human/ggvp.improve/b37/bam/SAMEA1692439/SAMEA1692439.bam	.
SAMEA1692440	.	.	.	/cbio/datasets/human/ggvp.improve/b37/bam/SAMEA1692440/SAMEA1692440.bam	.
SAMEA1692441	.	.	.	/cbio/datasets/human/ggvp.improve/b37/bam/SAMEA1692441/SAMEA1692441.bam	.
SAMEA1692442	.	.	.	/cbio/datasets/human/ggvp.improve/b37/bam/SAMEA1692442/SAMEA1692442.bam	.
SAMEA1692443	.	.	.	/cbio/datasets/human/ggvp.improve/b37/bam/SAMEA1692443/SAMEA1692443.bam	.
SAMEA1692444	.	.	.	/cbio/datasets/human/ggvp.improve/b37/bam/SAMEA1692444/SAMEA1692444.bam	.
SAMEA1692445	.	.	.	/cbio/datasets/human/ggvp.improve/b37/bam/SAMEA1692445/SAMEA1692445.bam	.
SAMEA1692446	.	.	.	/cbio/datasets/human/ggvp.improve/b37/bam/SAMEA1692446/SAMEA1692446.bam	.
SAMEA1692447	.	.	.	/cbio/datasets/human/ggvp.improve/b37/bam/SAMEA1692447/SAMEA1692447.bam	.
SAMEA1692448	.	.	.	/cbio/datasets/human/ggvp.improve/b37/bam/SAMEA1692448/SAMEA1692448.bam	.
SAMEA1692449	.	.	.	/cbio/datasets/human/ggvp.improve/b37/bam/SAMEA1692449/SAMEA1692449.bam	.
SAMEA1692450	.	.	.	/cbio/datasets/human/ggvp.improve/b37/bam/SAMEA1692450/SAMEA1692450.bam	.
SAMEA1710406	.	.	.	/cbio/datasets/human/ggvp.improve/b37/bam/SAMEA1710406/SAMEA1710406.bam	.
SAMEA1710409	.	.	.	/cbio/datasets/human/ggvp.improve/b37/bam/SAMEA1710409/SAMEA1710409.bam	.
SAMEA1710412	.	.	.	/cbio/datasets/human/ggvp.improve/b37/bam/SAMEA1710412/SAMEA1710412.bam	.
SAMEA1889183	.	.	.	/cbio/datasets/human/ggvp.improve/b37/bam/SAMEA1889183/SAMEA1889183.bam	.
SAMEA1889184	.	.	.	/cbio/datasets/human/ggvp.improve/b37/bam/SAMEA1889184/SAMEA1889184.bam	.
SAMEA1889185	.	.	.	/cbio/datasets/human/ggvp.improve/b37/bam/SAMEA1889185/SAMEA1889185.bam	.
SAMEA1889186	.	.	.	/cbio/datasets/human/ggvp.improve/b37/bam/SAMEA1889186/SAMEA1889186.bam	.
SAMEA1889187	.	.	.	/cbio/datasets/human/ggvp.improve/b37/bam/SAMEA1889187/SAMEA1889187.bam	.
SAMEA1889188	.	.	.	/cbio/datasets/human/ggvp.improve/b37/bam/SAMEA1889188/SAMEA1889188.bam	.
SAMEA1889189	.	.	.	/cbio/datasets/human/ggvp.improve/b37/bam/SAMEA1889189/SAMEA1889189.bam	.
SAMEA1889190	.	.	.	/cbio/datasets/human/ggvp.improve/b37/bam/SAMEA1889190/SAMEA1889190.bam	.
SAMEA1889191	.	.	.	/cbio/datasets/human/ggvp.improve/b37/bam/SAMEA1889191/SAMEA1889191.bam	.
SAMEA1889192	.	.	.	/cbio/datasets/human/ggvp.improve/b37/bam/SAMEA1889192/SAMEA1889192.bam	.
SAMEA1889193	.	.	.	/cbio/datasets/human/ggvp.improve/b37/bam/SAMEA1889193/SAMEA1889193.bam	.
SAMEA1889194	.	.	.	/cbio/datasets/human/ggvp.improve/b37/bam/SAMEA1889194/SAMEA1889194.bam	.
SAMEA1889195	.	.	.	/cbio/datasets/human/ggvp.improve/b37/bam/SAMEA1889195/SAMEA1889195.bam	.
SAMEA1889196	.	.	.	/cbio/datasets/human/ggvp.improve/b37/bam/SAMEA1889196/SAMEA1889196.bam	.
SAMEA1889197	.	.	.	/cbio/datasets/human/ggvp.improve/b37/bam/SAMEA1889197/SAMEA1889197.bam	.
SAMEA1889198	.	.	.	/cbio/datasets/human/ggvp.improve/b37/bam/SAMEA1889198/SAMEA1889198.bam	.
SAMEA1889199	.	.	.	/cbio/datasets/human/ggvp.improve/b37/bam/SAMEA1889199/SAMEA1889199.bam	.
SAMEA1889200	.	.	.	/cbio/datasets/human/ggvp.improve/b37/bam/SAMEA1889200/SAMEA1889200.bam	.
SAMEA1889201	.	.	.	/cbio/datasets/human/ggvp.improve/b37/bam/SAMEA1889201/SAMEA1889201.bam	.
SAMEA1889202	.	.	.	/cbio/datasets/human/ggvp.improve/b37/bam/SAMEA1889202/SAMEA1889202.bam	.
SAMEA1889203	.	.	.	/cbio/datasets/human/ggvp.improve/b37/bam/SAMEA1889203/SAMEA1889203.bam	.
SAMEA1889204	.	.	.	/cbio/datasets/human/ggvp.improve/b37/bam/SAMEA1889204/SAMEA1889204.bam	.
SAMEA1889205	.	.	.	/cbio/datasets/human/ggvp.improve/b37/bam/SAMEA1889205/SAMEA1889205.bam	.
SAMEA1902984	.	.	.	/cbio/datasets/human/ggvp.improve/b37/bam/SAMEA1902984/SAMEA1902984.bam	.
SAMEA1902985	.	.	.	/cbio/datasets/human/ggvp.improve/b37/bam/SAMEA1902985/SAMEA1902985.bam	.
SAMEA1902986	.	.	.	/cbio/datasets/human/ggvp.improve/b37/bam/SAMEA1902986/SAMEA1902986.bam	.
SAMEA1904595	.	.	.	/cbio/datasets/human/ggvp.improve/b37/bam/SAMEA1904595/SAMEA1904595.bam	.
SAMEA1904596	.	.	.	/cbio/datasets/human/ggvp.improve/b37/bam/SAMEA1904596/SAMEA1904596.bam	.
SAMEA1904600	.	.	.	/cbio/datasets/human/ggvp.improve/b37/bam/SAMEA1904600/SAMEA1904600.bam	.
SAMEA1904601	.	.	.	/cbio/datasets/human/ggvp.improve/b37/bam/SAMEA1904601/SAMEA1904601.bam	.
SAMEA1904602	.	.	.	/cbio/datasets/human/ggvp.improve/b37/bam/SAMEA1904602/SAMEA1904602.bam	.
SAMEA1904603	.	.	.	/cbio/datasets/human/ggvp.improve/b37/bam/SAMEA1904603/SAMEA1904603.bam	.
SAMEA1904604	.	.	.	/cbio/datasets/human/ggvp.improve/b37/bam/SAMEA1904604/SAMEA1904604.bam	.
SAMEA1904605	.	.	.	/cbio/datasets/human/ggvp.improve/b37/bam/SAMEA1904605/SAMEA1904605.bam	.
SAMEA1904606	.	.	.	/cbio/datasets/human/ggvp.improve/b37/bam/SAMEA1904606/SAMEA1904606.bam	.
SAMEA1904607	.	.	.	/cbio/datasets/human/ggvp.improve/b37/bam/SAMEA1904607/SAMEA1904607.bam	.
SAMEA1904608	.	.	.	/cbio/datasets/human/ggvp.improve/b37/bam/SAMEA1904608/SAMEA1904608.bam	.
SAMEA1904609	.	.	.	/cbio/datasets/human/ggvp.improve/b37/bam/SAMEA1904609/SAMEA1904609.bam	.
SAMEA1904610	.	.	.	/cbio/datasets/human/ggvp.improve/b37/bam/SAMEA1904610/SAMEA1904610.bam	.
SAMEA1904611	.	.	.	/cbio/datasets/human/ggvp.improve/b37/bam/SAMEA1904611/SAMEA1904611.bam	.
SAMEA1904612	.	.	.	/cbio/datasets/human/ggvp.improve/b37/bam/SAMEA1904612/SAMEA1904612.bam	.
SAMEA1904613	.	.	.	/cbio/datasets/human/ggvp.improve/b37/bam/SAMEA1904613/SAMEA1904613.bam	.
SAMEA1904614	.	.	.	/cbio/datasets/human/ggvp.improve/b37/bam/SAMEA1904614/SAMEA1904614.bam	.
SAMEA1904615	.	.	.	/cbio/datasets/human/ggvp.improve/b37/bam/SAMEA1904615/SAMEA1904615.bam	.
SAMEA1904616	.	.	.	/cbio/datasets/human/ggvp.improve/b37/bam/SAMEA1904616/SAMEA1904616.bam	.
SAMEA1904617	.	.	.	/cbio/datasets/human/ggvp.improve/b37/bam/SAMEA1904617/SAMEA1904617.bam	.
SAMEA1904618	.	.	.	/cbio/datasets/human/ggvp.improve/b37/bam/SAMEA1904618/SAMEA1904618.bam	.
SAMEA1904619	.	.	.	/cbio/datasets/human/ggvp.improve/b37/bam/SAMEA1904619/SAMEA1904619.bam	.
SAMEA1904620	.	.	.	/cbio/datasets/human/ggvp.improve/b37/bam/SAMEA1904620/SAMEA1904620.bam	.
SAMEA1904621	.	.	.	/cbio/datasets/human/ggvp.improve/b37/bam/SAMEA1904621/SAMEA1904621.bam	.
SAMEA1904622	.	.	.	/cbio/datasets/human/ggvp.improve/b37/bam/SAMEA1904622/SAMEA1904622.bam	.
SAMEA1904623	.	.	.	/cbio/datasets/human/ggvp.improve/b37/bam/SAMEA1904623/SAMEA1904623.bam	.
SAMEA1904624	.	.	.	/cbio/datasets/human/ggvp.improve/b37/bam/SAMEA1904624/SAMEA1904624.bam	.
SAMEA1904625	.	.	.	/cbio/datasets/human/ggvp.improve/b37/bam/SAMEA1904625/SAMEA1904625.bam	.
SAMEA1904626	.	.	.	/cbio/datasets/human/ggvp.improve/b37/bam/SAMEA1904626/SAMEA1904626.bam	.
SAMEA1904627	.	.	.	/cbio/datasets/human/ggvp.improve/b37/bam/SAMEA1904627/SAMEA1904627.bam	.
SAMEA1904628	.	.	.	/cbio/datasets/human/ggvp.improve/b37/bam/SAMEA1904628/SAMEA1904628.bam	.
SAMEA1904629	.	.	.	/cbio/datasets/human/ggvp.improve/b37/bam/SAMEA1904629/SAMEA1904629.bam	.
SAMEA1904630	.	.	.	/cbio/datasets/human/ggvp.improve/b37/bam/SAMEA1904630/SAMEA1904630.bam	.
SAMEA1904631	.	.	.	/cbio/datasets/human/ggvp.improve/b37/bam/SAMEA1904631/SAMEA1904631.bam	.
SAMEA1904632	.	.	.	/cbio/datasets/human/ggvp.improve/b37/bam/SAMEA1904632/SAMEA1904632.bam	.
SAMEA1904633	.	.	.	/cbio/datasets/human/ggvp.improve/b37/bam/SAMEA1904633/SAMEA1904633.bam	.
SAMEA1904634	.	.	.	/cbio/datasets/human/ggvp.improve/b37/bam/SAMEA1904634/SAMEA1904634.bam	.
SAMEA1904635	.	.	.	/cbio/datasets/human/ggvp.improve/b37/bam/SAMEA1904635/SAMEA1904635.bam	.
SAMEA1904636	.	.	.	/cbio/datasets/human/ggvp.improve/b37/bam/SAMEA1904636/SAMEA1904636.bam	.
SAMEA1904637	.	.	.	/cbio/datasets/human/ggvp.improve/b37/bam/SAMEA1904637/SAMEA1904637.bam	.
SAMEA1904638	.	.	.	/cbio/datasets/human/ggvp.improve/b37/bam/SAMEA1904638/SAMEA1904638.bam	.
SAMEA1904639	.	.	.	/cbio/datasets/human/ggvp.improve/b37/bam/SAMEA1904639/SAMEA1904639.bam	.
SAMEA1904640	.	.	.	/cbio/datasets/human/ggvp.improve/b37/bam/SAMEA1904640/SAMEA1904640.bam	.
SAMEA1904641	.	.	.	/cbio/datasets/human/ggvp.improve/b37/bam/SAMEA1904641/SAMEA1904641.bam	.
SAMEA1904642	.	.	.	/cbio/datasets/human/ggvp.improve/b37/bam/SAMEA1904642/SAMEA1904642.bam	.
SAMEA1904643	.	.	.	/cbio/datasets/human/ggvp.improve/b37/bam/SAMEA1904643/SAMEA1904643.bam	.
SAMEA1904644	.	.	.	/cbio/datasets/human/ggvp.improve/b37/bam/SAMEA1904644/SAMEA1904644.bam	.
SAMEA1904645	.	.	.	/cbio/datasets/human/ggvp.improve/b37/bam/SAMEA1904645/SAMEA1904645.bam	.
SAMEA1904646	.	.	.	/cbio/datasets/human/ggvp.improve/b37/bam/SAMEA1904646/SAMEA1904646.bam	.
SAMEA1904647	.	.	.	/cbio/datasets/human/ggvp.improve/b37/bam/SAMEA1904647/SAMEA1904647.bam	.
SAMEA1904650	.	.	.	/cbio/datasets/human/ggvp.improve/b37/bam/SAMEA1904650/SAMEA1904650.bam	.
SAMEA1904651	.	.	.	/cbio/datasets/human/ggvp.improve/b37/bam/SAMEA1904651/SAMEA1904651.bam	.
SAMEA1904652	.	.	.	/cbio/datasets/human/ggvp.improve/b37/bam/SAMEA1904652/SAMEA1904652.bam	.
SAMEA2031116	.	.	.	/cbio/datasets/human/ggvp.improve/b37/bam/SAMEA2031116/SAMEA2031116.bam	.
SAMEA2031801	.	.	.	/cbio/datasets/human/ggvp.improve/b37/bam/SAMEA2031801/SAMEA2031801.bam	.
SAMEA2033013	.	.	.	/cbio/datasets/human/ggvp.improve/b37/bam/SAMEA2033013/SAMEA2033013.bam	.
SAMEA2039971	.	.	.	/cbio/datasets/human/ggvp.improve/b37/bam/SAMEA2039971/SAMEA2039971.bam	.
SAMEA2047235	.	.	.	/cbio/datasets/human/ggvp.improve/b37/bam/SAMEA2047235/SAMEA2047235.bam	.
SAMEA2047353	.	.	.	/cbio/datasets/human/ggvp.improve/b37/bam/SAMEA2047353/SAMEA2047353.bam	.
SAMEA2047355	.	.	.	/cbio/datasets/human/ggvp.improve/b37/bam/SAMEA2047355/SAMEA2047355.bam	.
SAMEA2047356	.	.	.	/cbio/datasets/human/ggvp.improve/b37/bam/SAMEA2047356/SAMEA2047356.bam	.
SAMEA2047357	.	.	.	/cbio/datasets/human/ggvp.improve/b37/bam/SAMEA2047357/SAMEA2047357.bam	.
SAMEA2048368	.	.	.	/cbio/datasets/human/ggvp.improve/b37/bam/SAMEA2048368/SAMEA2048368.bam	.
SAMEA2048369	.	.	.	/cbio/datasets/human/ggvp.improve/b37/bam/SAMEA2048369/SAMEA2048369.bam	.
SAMEA2048370	.	.	.	/cbio/datasets/human/ggvp.improve/b37/bam/SAMEA2048370/SAMEA2048370.bam	.
SAMEA2048372	.	.	.	/cbio/datasets/human/ggvp.improve/b37/bam/SAMEA2048372/SAMEA2048372.bam	.
SAMEA2048374	.	.	.	/cbio/datasets/human/ggvp.improve/b37/bam/SAMEA2048374/SAMEA2048374.bam	.
SAMEA2048376	.	.	.	/cbio/datasets/human/ggvp.improve/b37/bam/SAMEA2048376/SAMEA2048376.bam	.
SAMEA2049049	.	.	.	/cbio/datasets/human/ggvp.improve/b37/bam/SAMEA2049049/SAMEA2049049.bam	.
SAMEA2049050	.	.	.	/cbio/datasets/human/ggvp.improve/b37/bam/SAMEA2049050/SAMEA2049050.bam	.
SAMEA2049051	.	.	.	/cbio/datasets/human/ggvp.improve/b37/bam/SAMEA2049051/SAMEA2049051.bam	.
SAMEA2049053	.	.	.	/cbio/datasets/human/ggvp.improve/b37/bam/SAMEA2049053/SAMEA2049053.bam	.
SAMEA2049054	.	.	.	/cbio/datasets/human/ggvp.improve/b37/bam/SAMEA2049054/SAMEA2049054.bam	.
SAMEA2049055	.	.	.	/cbio/datasets/human/ggvp.improve/b37/bam/SAMEA2049055/SAMEA2049055.bam	.
SAMEA2049057	.	.	.	/cbio/datasets/human/ggvp.improve/b37/bam/SAMEA2049057/SAMEA2049057.bam	.
SAMEA2049059	.	.	.	/cbio/datasets/human/ggvp.improve/b37/bam/SAMEA2049059/SAMEA2049059.bam	.
SAMEA2049062	.	.	.	/cbio/datasets/human/ggvp.improve/b37/bam/SAMEA2049062/SAMEA2049062.bam	.
SAMEA2055449	.	.	.	/cbio/datasets/human/ggvp.improve/b37/bam/SAMEA2055449/SAMEA2055449.bam	.
SAMEA2056852	.	.	.	/cbio/datasets/human/ggvp.improve/b37/bam/SAMEA2056852/SAMEA2056852.bam	.
SAMEA2059698	.	.	.	/cbio/datasets/human/ggvp.improve/b37/bam/SAMEA2059698/SAMEA2059698.bam	.
SAMEA2418264	.	.	.	/cbio/datasets/human/ggvp.improve/b37/bam/SAMEA2418264/SAMEA2418264.bam	.
SAMEA2421526	.	.	.	/cbio/datasets/human/ggvp.improve/b37/bam/SAMEA2421526/SAMEA2421526.bam	.
SAMEA2421527	.	.	.	/cbio/datasets/human/ggvp.improve/b37/bam/SAMEA2421527/SAMEA2421527.bam	.
SAMEA2421528	.	.	.	/cbio/datasets/human/ggvp.improve/b37/bam/SAMEA2421528/SAMEA2421528.bam	.
SAMEA2421529	.	.	.	/cbio/datasets/human/ggvp.improve/b37/bam/SAMEA2421529/SAMEA2421529.bam	.
SAMEA2421530	.	.	.	/cbio/datasets/human/ggvp.improve/b37/bam/SAMEA2421530/SAMEA2421530.bam	.
