SampleID	BAMdir/CRAMdir
SAMEA1469947	/scratch/users/gerrit/projects/impute-paper/ggvp/alignments/SAMEA1469947/
SAMEA1469948	/scratch/users/gerrit/projects/impute-paper/ggvp/alignments/SAMEA1469948/
SAMEA1469949	/scratch/users/gerrit/projects/impute-paper/ggvp/alignments/SAMEA1469949/
SAMEA1469950	/scratch/users/gerrit/projects/impute-paper/ggvp/alignments/SAMEA1469950/
SAMEA1469951	/scratch/users/gerrit/projects/impute-paper/ggvp/alignments/SAMEA1469951/
SAMEA1469952	/scratch/users/gerrit/projects/impute-paper/ggvp/alignments/SAMEA1469952/
SAMEA1469953	/scratch/users/gerrit/projects/impute-paper/ggvp/alignments/SAMEA1469953/
SAMEA1469954	/scratch/users/gerrit/projects/impute-paper/ggvp/alignments/SAMEA1469954/
SAMEA1469955	/scratch/users/gerrit/projects/impute-paper/ggvp/alignments/SAMEA1469955/
SAMEA1469956	/scratch/users/gerrit/projects/impute-paper/ggvp/alignments/SAMEA1469956/
SAMEA1469957	/scratch/users/gerrit/projects/impute-paper/ggvp/alignments/SAMEA1469957/
SAMEA1469958	/scratch/users/gerrit/projects/impute-paper/ggvp/alignments/SAMEA1469958/
SAMEA1469959	/scratch/users/gerrit/projects/impute-paper/ggvp/alignments/SAMEA1469959/
SAMEA1469960	/scratch/users/gerrit/projects/impute-paper/ggvp/alignments/SAMEA1469960/
SAMEA1469961	/scratch/users/gerrit/projects/impute-paper/ggvp/alignments/SAMEA1469961/
SAMEA1469962	/scratch/users/gerrit/projects/impute-paper/ggvp/alignments/SAMEA1469962/
SAMEA1469963	/scratch/users/gerrit/projects/impute-paper/ggvp/alignments/SAMEA1469963/
SAMEA1469964	/scratch/users/gerrit/projects/impute-paper/ggvp/alignments/SAMEA1469964/
SAMEA1469965	/scratch/users/gerrit/projects/impute-paper/ggvp/alignments/SAMEA1469965/
SAMEA1469966	/scratch/users/gerrit/projects/impute-paper/ggvp/alignments/SAMEA1469966/
SAMEA1469967	/scratch/users/gerrit/projects/impute-paper/ggvp/alignments/SAMEA1469967/
SAMEA1469968	/scratch/users/gerrit/projects/impute-paper/ggvp/alignments/SAMEA1469968/
SAMEA1469969	/scratch/users/gerrit/projects/impute-paper/ggvp/alignments/SAMEA1469969/
SAMEA1469970	/scratch/users/gerrit/projects/impute-paper/ggvp/alignments/SAMEA1469970/
SAMEA1469971	/scratch/users/gerrit/projects/impute-paper/ggvp/alignments/SAMEA1469971/
SAMEA1469972	/scratch/users/gerrit/projects/impute-paper/ggvp/alignments/SAMEA1469972/
SAMEA1469973	/scratch/users/gerrit/projects/impute-paper/ggvp/alignments/SAMEA1469973/
SAMEA1469974	/scratch/users/gerrit/projects/impute-paper/ggvp/alignments/SAMEA1469974/
SAMEA1469975	/scratch/users/gerrit/projects/impute-paper/ggvp/alignments/SAMEA1469975/
SAMEA1469976	/scratch/users/gerrit/projects/impute-paper/ggvp/alignments/SAMEA1469976/
SAMEA1469977	/scratch/users/gerrit/projects/impute-paper/ggvp/alignments/SAMEA1469977/
SAMEA1469978	/scratch/users/gerrit/projects/impute-paper/ggvp/alignments/SAMEA1469978/
SAMEA1469979	/scratch/users/gerrit/projects/impute-paper/ggvp/alignments/SAMEA1469979/
SAMEA1469980	/scratch/users/gerrit/projects/impute-paper/ggvp/alignments/SAMEA1469980/
SAMEA1469981	/scratch/users/gerrit/projects/impute-paper/ggvp/alignments/SAMEA1469981/
SAMEA1469982	/scratch/users/gerrit/projects/impute-paper/ggvp/alignments/SAMEA1469982/
SAMEA1469983	/scratch/users/gerrit/projects/impute-paper/ggvp/alignments/SAMEA1469983/
SAMEA1469984	/scratch/users/gerrit/projects/impute-paper/ggvp/alignments/SAMEA1469984/
SAMEA1469985	/scratch/users/gerrit/projects/impute-paper/ggvp/alignments/SAMEA1469985/
SAMEA1469986	/scratch/users/gerrit/projects/impute-paper/ggvp/alignments/SAMEA1469986/
SAMEA1469987	/scratch/users/gerrit/projects/impute-paper/ggvp/alignments/SAMEA1469987/
SAMEA1469988	/scratch/users/gerrit/projects/impute-paper/ggvp/alignments/SAMEA1469988/
SAMEA1469989	/scratch/users/gerrit/projects/impute-paper/ggvp/alignments/SAMEA1469989/
SAMEA1469990	/scratch/users/gerrit/projects/impute-paper/ggvp/alignments/SAMEA1469990/
SAMEA1469991	/scratch/users/gerrit/projects/impute-paper/ggvp/alignments/SAMEA1469991/
SAMEA1469992	/scratch/users/gerrit/projects/impute-paper/ggvp/alignments/SAMEA1469992/
SAMEA1469993	/scratch/users/gerrit/projects/impute-paper/ggvp/alignments/SAMEA1469993/
SAMEA1469994	/scratch/users/gerrit/projects/impute-paper/ggvp/alignments/SAMEA1469994/
SAMEA1469995	/scratch/users/gerrit/projects/impute-paper/ggvp/alignments/SAMEA1469995/
SAMEA1469996	/scratch/users/gerrit/projects/impute-paper/ggvp/alignments/SAMEA1469996/
SAMEA1469997	/scratch/users/gerrit/projects/impute-paper/ggvp/alignments/SAMEA1469997/
SAMEA1469998	/scratch/users/gerrit/projects/impute-paper/ggvp/alignments/SAMEA1469998/
SAMEA1469999	/scratch/users/gerrit/projects/impute-paper/ggvp/alignments/SAMEA1469999/
SAMEA1470000	/scratch/users/gerrit/projects/impute-paper/ggvp/alignments/SAMEA1470000/
SAMEA1470001	/scratch/users/gerrit/projects/impute-paper/ggvp/alignments/SAMEA1470001/
SAMEA1470002	/scratch/users/gerrit/projects/impute-paper/ggvp/alignments/SAMEA1470002/
SAMEA1470003	/scratch/users/gerrit/projects/impute-paper/ggvp/alignments/SAMEA1470003/
SAMEA1470004	/scratch/users/gerrit/projects/impute-paper/ggvp/alignments/SAMEA1470004/
SAMEA1470005	/scratch/users/gerrit/projects/impute-paper/ggvp/alignments/SAMEA1470005/
SAMEA1470006	/scratch/users/gerrit/projects/impute-paper/ggvp/alignments/SAMEA1470006/
SAMEA1470007	/scratch/users/gerrit/projects/impute-paper/ggvp/alignments/SAMEA1470007/
SAMEA1470008	/scratch/users/gerrit/projects/impute-paper/ggvp/alignments/SAMEA1470008/
SAMEA1470009	/scratch/users/gerrit/projects/impute-paper/ggvp/alignments/SAMEA1470009/
SAMEA1470010	/scratch/users/gerrit/projects/impute-paper/ggvp/alignments/SAMEA1470010/
SAMEA1470011	/scratch/users/gerrit/projects/impute-paper/ggvp/alignments/SAMEA1470011/
SAMEA1470012	/scratch/users/gerrit/projects/impute-paper/ggvp/alignments/SAMEA1470012/
SAMEA1470013	/scratch/users/gerrit/projects/impute-paper/ggvp/alignments/SAMEA1470013/
SAMEA1470014	/scratch/users/gerrit/projects/impute-paper/ggvp/alignments/SAMEA1470014/
SAMEA1470015	/scratch/users/gerrit/projects/impute-paper/ggvp/alignments/SAMEA1470015/
SAMEA1470016	/scratch/users/gerrit/projects/impute-paper/ggvp/alignments/SAMEA1470016/
SAMEA1470017	/scratch/users/gerrit/projects/impute-paper/ggvp/alignments/SAMEA1470017/
SAMEA1470018	/scratch/users/gerrit/projects/impute-paper/ggvp/alignments/SAMEA1470018/
SAMEA1531770	/scratch/users/gerrit/projects/impute-paper/ggvp/alignments/SAMEA1531770/
SAMEA1531771	/scratch/users/gerrit/projects/impute-paper/ggvp/alignments/SAMEA1531771/
SAMEA1531772	/scratch/users/gerrit/projects/impute-paper/ggvp/alignments/SAMEA1531772/
SAMEA1531773	/scratch/users/gerrit/projects/impute-paper/ggvp/alignments/SAMEA1531773/
SAMEA1531774	/scratch/users/gerrit/projects/impute-paper/ggvp/alignments/SAMEA1531774/
SAMEA1531775	/scratch/users/gerrit/projects/impute-paper/ggvp/alignments/SAMEA1531775/
SAMEA1531776	/scratch/users/gerrit/projects/impute-paper/ggvp/alignments/SAMEA1531776/
SAMEA1531777	/scratch/users/gerrit/projects/impute-paper/ggvp/alignments/SAMEA1531777/
SAMEA1531778	/scratch/users/gerrit/projects/impute-paper/ggvp/alignments/SAMEA1531778/
SAMEA1531779	/scratch/users/gerrit/projects/impute-paper/ggvp/alignments/SAMEA1531779/
SAMEA1531780	/scratch/users/gerrit/projects/impute-paper/ggvp/alignments/SAMEA1531780/
SAMEA1531781	/scratch/users/gerrit/projects/impute-paper/ggvp/alignments/SAMEA1531781/
SAMEA1531782	/scratch/users/gerrit/projects/impute-paper/ggvp/alignments/SAMEA1531782/
SAMEA1531783	/scratch/users/gerrit/projects/impute-paper/ggvp/alignments/SAMEA1531783/
SAMEA1531784	/scratch/users/gerrit/projects/impute-paper/ggvp/alignments/SAMEA1531784/
SAMEA1531785	/scratch/users/gerrit/projects/impute-paper/ggvp/alignments/SAMEA1531785/
SAMEA1531786	/scratch/users/gerrit/projects/impute-paper/ggvp/alignments/SAMEA1531786/
SAMEA1531787	/scratch/users/gerrit/projects/impute-paper/ggvp/alignments/SAMEA1531787/
SAMEA1531788	/scratch/users/gerrit/projects/impute-paper/ggvp/alignments/SAMEA1531788/
SAMEA1531789	/scratch/users/gerrit/projects/impute-paper/ggvp/alignments/SAMEA1531789/
SAMEA1531790	/scratch/users/gerrit/projects/impute-paper/ggvp/alignments/SAMEA1531790/
SAMEA1531791	/scratch/users/gerrit/projects/impute-paper/ggvp/alignments/SAMEA1531791/
SAMEA1531792	/scratch/users/gerrit/projects/impute-paper/ggvp/alignments/SAMEA1531792/
SAMEA1531793	/scratch/users/gerrit/projects/impute-paper/ggvp/alignments/SAMEA1531793/
SAMEA1531794	/scratch/users/gerrit/projects/impute-paper/ggvp/alignments/SAMEA1531794/
SAMEA1531795	/scratch/users/gerrit/projects/impute-paper/ggvp/alignments/SAMEA1531795/
SAMEA1531796	/scratch/users/gerrit/projects/impute-paper/ggvp/alignments/SAMEA1531796/
SAMEA1531797	/scratch/users/gerrit/projects/impute-paper/ggvp/alignments/SAMEA1531797/
SAMEA1572888	/scratch/users/gerrit/projects/impute-paper/ggvp/alignments/SAMEA1572888/
SAMEA1572889	/scratch/users/gerrit/projects/impute-paper/ggvp/alignments/SAMEA1572889/
SAMEA1572890	/scratch/users/gerrit/projects/impute-paper/ggvp/alignments/SAMEA1572890/
SAMEA1572891	/scratch/users/gerrit/projects/impute-paper/ggvp/alignments/SAMEA1572891/
SAMEA1572892	/scratch/users/gerrit/projects/impute-paper/ggvp/alignments/SAMEA1572892/
SAMEA1572893	/scratch/users/gerrit/projects/impute-paper/ggvp/alignments/SAMEA1572893/
SAMEA1572894	/scratch/users/gerrit/projects/impute-paper/ggvp/alignments/SAMEA1572894/
SAMEA1572895	/scratch/users/gerrit/projects/impute-paper/ggvp/alignments/SAMEA1572895/
SAMEA1572896	/scratch/users/gerrit/projects/impute-paper/ggvp/alignments/SAMEA1572896/
SAMEA1572897	/scratch/users/gerrit/projects/impute-paper/ggvp/alignments/SAMEA1572897/
SAMEA1572898	/scratch/users/gerrit/projects/impute-paper/ggvp/alignments/SAMEA1572898/
SAMEA1572899	/scratch/users/gerrit/projects/impute-paper/ggvp/alignments/SAMEA1572899/
SAMEA1572900	/scratch/users/gerrit/projects/impute-paper/ggvp/alignments/SAMEA1572900/
SAMEA1572901	/scratch/users/gerrit/projects/impute-paper/ggvp/alignments/SAMEA1572901/
SAMEA1572902	/scratch/users/gerrit/projects/impute-paper/ggvp/alignments/SAMEA1572902/
SAMEA1572903	/scratch/users/gerrit/projects/impute-paper/ggvp/alignments/SAMEA1572903/
SAMEA1692367	/scratch/users/gerrit/projects/impute-paper/ggvp/alignments/SAMEA1692367/
SAMEA1692368	/scratch/users/gerrit/projects/impute-paper/ggvp/alignments/SAMEA1692368/
SAMEA1692369	/scratch/users/gerrit/projects/impute-paper/ggvp/alignments/SAMEA1692369/
SAMEA1692370	/scratch/users/gerrit/projects/impute-paper/ggvp/alignments/SAMEA1692370/
SAMEA1692371	/scratch/users/gerrit/projects/impute-paper/ggvp/alignments/SAMEA1692371/
SAMEA1692372	/scratch/users/gerrit/projects/impute-paper/ggvp/alignments/SAMEA1692372/
SAMEA1692373	/scratch/users/gerrit/projects/impute-paper/ggvp/alignments/SAMEA1692373/
SAMEA1692374	/scratch/users/gerrit/projects/impute-paper/ggvp/alignments/SAMEA1692374/
SAMEA1692375	/scratch/users/gerrit/projects/impute-paper/ggvp/alignments/SAMEA1692375/
SAMEA1692376	/scratch/users/gerrit/projects/impute-paper/ggvp/alignments/SAMEA1692376/
SAMEA1692377	/scratch/users/gerrit/projects/impute-paper/ggvp/alignments/SAMEA1692377/
SAMEA1692378	/scratch/users/gerrit/projects/impute-paper/ggvp/alignments/SAMEA1692378/
SAMEA1692379	/scratch/users/gerrit/projects/impute-paper/ggvp/alignments/SAMEA1692379/
SAMEA1692380	/scratch/users/gerrit/projects/impute-paper/ggvp/alignments/SAMEA1692380/
SAMEA1692381	/scratch/users/gerrit/projects/impute-paper/ggvp/alignments/SAMEA1692381/
SAMEA1692382	/scratch/users/gerrit/projects/impute-paper/ggvp/alignments/SAMEA1692382/
SAMEA1692383	/scratch/users/gerrit/projects/impute-paper/ggvp/alignments/SAMEA1692383/
SAMEA1692384	/scratch/users/gerrit/projects/impute-paper/ggvp/alignments/SAMEA1692384/
SAMEA1692385	/scratch/users/gerrit/projects/impute-paper/ggvp/alignments/SAMEA1692385/
SAMEA1692386	/scratch/users/gerrit/projects/impute-paper/ggvp/alignments/SAMEA1692386/
SAMEA1692387	/scratch/users/gerrit/projects/impute-paper/ggvp/alignments/SAMEA1692387/
SAMEA1692388	/scratch/users/gerrit/projects/impute-paper/ggvp/alignments/SAMEA1692388/
SAMEA1692389	/scratch/users/gerrit/projects/impute-paper/ggvp/alignments/SAMEA1692389/
SAMEA1692390	/scratch/users/gerrit/projects/impute-paper/ggvp/alignments/SAMEA1692390/
SAMEA1692391	/scratch/users/gerrit/projects/impute-paper/ggvp/alignments/SAMEA1692391/
SAMEA1692392	/scratch/users/gerrit/projects/impute-paper/ggvp/alignments/SAMEA1692392/
SAMEA1692393	/scratch/users/gerrit/projects/impute-paper/ggvp/alignments/SAMEA1692393/
SAMEA1692394	/scratch/users/gerrit/projects/impute-paper/ggvp/alignments/SAMEA1692394/
SAMEA1692395	/scratch/users/gerrit/projects/impute-paper/ggvp/alignments/SAMEA1692395/
SAMEA1692396	/scratch/users/gerrit/projects/impute-paper/ggvp/alignments/SAMEA1692396/
SAMEA1692397	/scratch/users/gerrit/projects/impute-paper/ggvp/alignments/SAMEA1692397/
SAMEA1692398	/scratch/users/gerrit/projects/impute-paper/ggvp/alignments/SAMEA1692398/
SAMEA1692399	/scratch/users/gerrit/projects/impute-paper/ggvp/alignments/SAMEA1692399/
SAMEA1692400	/scratch/users/gerrit/projects/impute-paper/ggvp/alignments/SAMEA1692400/
SAMEA1692401	/scratch/users/gerrit/projects/impute-paper/ggvp/alignments/SAMEA1692401/
SAMEA1692402	/scratch/users/gerrit/projects/impute-paper/ggvp/alignments/SAMEA1692402/
SAMEA1692403	/scratch/users/gerrit/projects/impute-paper/ggvp/alignments/SAMEA1692403/
SAMEA1692404	/scratch/users/gerrit/projects/impute-paper/ggvp/alignments/SAMEA1692404/
SAMEA1692405	/scratch/users/gerrit/projects/impute-paper/ggvp/alignments/SAMEA1692405/
SAMEA1692406	/scratch/users/gerrit/projects/impute-paper/ggvp/alignments/SAMEA1692406/
SAMEA1692407	/scratch/users/gerrit/projects/impute-paper/ggvp/alignments/SAMEA1692407/
SAMEA1692408	/scratch/users/gerrit/projects/impute-paper/ggvp/alignments/SAMEA1692408/
SAMEA1692409	/scratch/users/gerrit/projects/impute-paper/ggvp/alignments/SAMEA1692409/
SAMEA1692410	/scratch/users/gerrit/projects/impute-paper/ggvp/alignments/SAMEA1692410/
SAMEA1692411	/scratch/users/gerrit/projects/impute-paper/ggvp/alignments/SAMEA1692411/
SAMEA1692412	/scratch/users/gerrit/projects/impute-paper/ggvp/alignments/SAMEA1692412/
SAMEA1692413	/scratch/users/gerrit/projects/impute-paper/ggvp/alignments/SAMEA1692413/
SAMEA1692414	/scratch/users/gerrit/projects/impute-paper/ggvp/alignments/SAMEA1692414/
SAMEA1692415	/scratch/users/gerrit/projects/impute-paper/ggvp/alignments/SAMEA1692415/
SAMEA1692416	/scratch/users/gerrit/projects/impute-paper/ggvp/alignments/SAMEA1692416/
SAMEA1692417	/scratch/users/gerrit/projects/impute-paper/ggvp/alignments/SAMEA1692417/
SAMEA1692418	/scratch/users/gerrit/projects/impute-paper/ggvp/alignments/SAMEA1692418/
SAMEA1692419	/scratch/users/gerrit/projects/impute-paper/ggvp/alignments/SAMEA1692419/
SAMEA1692420	/scratch/users/gerrit/projects/impute-paper/ggvp/alignments/SAMEA1692420/
SAMEA1692421	/scratch/users/gerrit/projects/impute-paper/ggvp/alignments/SAMEA1692421/
SAMEA1692422	/scratch/users/gerrit/projects/impute-paper/ggvp/alignments/SAMEA1692422/
SAMEA1692423	/scratch/users/gerrit/projects/impute-paper/ggvp/alignments/SAMEA1692423/
SAMEA1692424	/scratch/users/gerrit/projects/impute-paper/ggvp/alignments/SAMEA1692424/
SAMEA1692425	/scratch/users/gerrit/projects/impute-paper/ggvp/alignments/SAMEA1692425/
SAMEA1692426	/scratch/users/gerrit/projects/impute-paper/ggvp/alignments/SAMEA1692426/
SAMEA1692427	/scratch/users/gerrit/projects/impute-paper/ggvp/alignments/SAMEA1692427/
SAMEA1692428	/scratch/users/gerrit/projects/impute-paper/ggvp/alignments/SAMEA1692428/
SAMEA1692429	/scratch/users/gerrit/projects/impute-paper/ggvp/alignments/SAMEA1692429/
SAMEA1692430	/scratch/users/gerrit/projects/impute-paper/ggvp/alignments/SAMEA1692430/
SAMEA1692431	/scratch/users/gerrit/projects/impute-paper/ggvp/alignments/SAMEA1692431/
SAMEA1692432	/scratch/users/gerrit/projects/impute-paper/ggvp/alignments/SAMEA1692432/
SAMEA1692433	/scratch/users/gerrit/projects/impute-paper/ggvp/alignments/SAMEA1692433/
SAMEA1692434	/scratch/users/gerrit/projects/impute-paper/ggvp/alignments/SAMEA1692434/
SAMEA1692435	/scratch/users/gerrit/projects/impute-paper/ggvp/alignments/SAMEA1692435/
SAMEA1692436	/scratch/users/gerrit/projects/impute-paper/ggvp/alignments/SAMEA1692436/
SAMEA1692437	/scratch/users/gerrit/projects/impute-paper/ggvp/alignments/SAMEA1692437/
SAMEA1692438	/scratch/users/gerrit/projects/impute-paper/ggvp/alignments/SAMEA1692438/
SAMEA1692439	/scratch/users/gerrit/projects/impute-paper/ggvp/alignments/SAMEA1692439/
SAMEA1692440	/scratch/users/gerrit/projects/impute-paper/ggvp/alignments/SAMEA1692440/
SAMEA1692441	/scratch/users/gerrit/projects/impute-paper/ggvp/alignments/SAMEA1692441/
SAMEA1692442	/scratch/users/gerrit/projects/impute-paper/ggvp/alignments/SAMEA1692442/
SAMEA1692443	/scratch/users/gerrit/projects/impute-paper/ggvp/alignments/SAMEA1692443/
SAMEA1692444	/scratch/users/gerrit/projects/impute-paper/ggvp/alignments/SAMEA1692444/
SAMEA1692445	/scratch/users/gerrit/projects/impute-paper/ggvp/alignments/SAMEA1692445/
SAMEA1692446	/scratch/users/gerrit/projects/impute-paper/ggvp/alignments/SAMEA1692446/
SAMEA1692447	/scratch/users/gerrit/projects/impute-paper/ggvp/alignments/SAMEA1692447/
SAMEA1692448	/scratch/users/gerrit/projects/impute-paper/ggvp/alignments/SAMEA1692448/
SAMEA1692449	/scratch/users/gerrit/projects/impute-paper/ggvp/alignments/SAMEA1692449/
SAMEA1692450	/scratch/users/gerrit/projects/impute-paper/ggvp/alignments/SAMEA1692450/
SAMEA1710406	/scratch/users/gerrit/projects/impute-paper/ggvp/alignments/SAMEA1710406/
SAMEA1710409	/scratch/users/gerrit/projects/impute-paper/ggvp/alignments/SAMEA1710409/
SAMEA1710412	/scratch/users/gerrit/projects/impute-paper/ggvp/alignments/SAMEA1710412/
SAMEA1889183	/scratch/users/gerrit/projects/impute-paper/ggvp/alignments/SAMEA1889183/
SAMEA1889184	/scratch/users/gerrit/projects/impute-paper/ggvp/alignments/SAMEA1889184/
SAMEA1889185	/scratch/users/gerrit/projects/impute-paper/ggvp/alignments/SAMEA1889185/
SAMEA1889186	/scratch/users/gerrit/projects/impute-paper/ggvp/alignments/SAMEA1889186/
SAMEA1889187	/scratch/users/gerrit/projects/impute-paper/ggvp/alignments/SAMEA1889187/
SAMEA1889188	/scratch/users/gerrit/projects/impute-paper/ggvp/alignments/SAMEA1889188/
SAMEA1889189	/scratch/users/gerrit/projects/impute-paper/ggvp/alignments/SAMEA1889189/
SAMEA1889190	/scratch/users/gerrit/projects/impute-paper/ggvp/alignments/SAMEA1889190/
SAMEA1889191	/scratch/users/gerrit/projects/impute-paper/ggvp/alignments/SAMEA1889191/
SAMEA1889192	/scratch/users/gerrit/projects/impute-paper/ggvp/alignments/SAMEA1889192/
SAMEA1889193	/scratch/users/gerrit/projects/impute-paper/ggvp/alignments/SAMEA1889193/
SAMEA1889194	/scratch/users/gerrit/projects/impute-paper/ggvp/alignments/SAMEA1889194/
SAMEA1889195	/scratch/users/gerrit/projects/impute-paper/ggvp/alignments/SAMEA1889195/
SAMEA1889196	/scratch/users/gerrit/projects/impute-paper/ggvp/alignments/SAMEA1889196/
SAMEA1889197	/scratch/users/gerrit/projects/impute-paper/ggvp/alignments/SAMEA1889197/
SAMEA1889198	/scratch/users/gerrit/projects/impute-paper/ggvp/alignments/SAMEA1889198/
SAMEA1889199	/scratch/users/gerrit/projects/impute-paper/ggvp/alignments/SAMEA1889199/
SAMEA1889200	/scratch/users/gerrit/projects/impute-paper/ggvp/alignments/SAMEA1889200/
SAMEA1889201	/scratch/users/gerrit/projects/impute-paper/ggvp/alignments/SAMEA1889201/
SAMEA1889202	/scratch/users/gerrit/projects/impute-paper/ggvp/alignments/SAMEA1889202/
SAMEA1889203	/scratch/users/gerrit/projects/impute-paper/ggvp/alignments/SAMEA1889203/
SAMEA1889204	/scratch/users/gerrit/projects/impute-paper/ggvp/alignments/SAMEA1889204/
SAMEA1889205	/scratch/users/gerrit/projects/impute-paper/ggvp/alignments/SAMEA1889205/
SAMEA1902984	/scratch/users/gerrit/projects/impute-paper/ggvp/alignments/SAMEA1902984/
SAMEA1902985	/scratch/users/gerrit/projects/impute-paper/ggvp/alignments/SAMEA1902985/
SAMEA1902986	/scratch/users/gerrit/projects/impute-paper/ggvp/alignments/SAMEA1902986/
SAMEA1904595	/scratch/users/gerrit/projects/impute-paper/ggvp/alignments/SAMEA1904595/
SAMEA1904596	/scratch/users/gerrit/projects/impute-paper/ggvp/alignments/SAMEA1904596/
SAMEA1904600	/scratch/users/gerrit/projects/impute-paper/ggvp/alignments/SAMEA1904600/
SAMEA1904601	/scratch/users/gerrit/projects/impute-paper/ggvp/alignments/SAMEA1904601/
SAMEA1904602	/scratch/users/gerrit/projects/impute-paper/ggvp/alignments/SAMEA1904602/
SAMEA1904603	/scratch/users/gerrit/projects/impute-paper/ggvp/alignments/SAMEA1904603/
SAMEA1904604	/scratch/users/gerrit/projects/impute-paper/ggvp/alignments/SAMEA1904604/
SAMEA1904605	/scratch/users/gerrit/projects/impute-paper/ggvp/alignments/SAMEA1904605/
SAMEA1904606	/scratch/users/gerrit/projects/impute-paper/ggvp/alignments/SAMEA1904606/
SAMEA1904607	/scratch/users/gerrit/projects/impute-paper/ggvp/alignments/SAMEA1904607/
SAMEA1904608	/scratch/users/gerrit/projects/impute-paper/ggvp/alignments/SAMEA1904608/
SAMEA1904609	/scratch/users/gerrit/projects/impute-paper/ggvp/alignments/SAMEA1904609/
SAMEA1904610	/scratch/users/gerrit/projects/impute-paper/ggvp/alignments/SAMEA1904610/
SAMEA1904611	/scratch/users/gerrit/projects/impute-paper/ggvp/alignments/SAMEA1904611/
SAMEA1904612	/scratch/users/gerrit/projects/impute-paper/ggvp/alignments/SAMEA1904612/
SAMEA1904613	/scratch/users/gerrit/projects/impute-paper/ggvp/alignments/SAMEA1904613/
SAMEA1904614	/scratch/users/gerrit/projects/impute-paper/ggvp/alignments/SAMEA1904614/
SAMEA1904615	/scratch/users/gerrit/projects/impute-paper/ggvp/alignments/SAMEA1904615/
SAMEA1904616	/scratch/users/gerrit/projects/impute-paper/ggvp/alignments/SAMEA1904616/
SAMEA1904617	/scratch/users/gerrit/projects/impute-paper/ggvp/alignments/SAMEA1904617/
SAMEA1904618	/scratch/users/gerrit/projects/impute-paper/ggvp/alignments/SAMEA1904618/
SAMEA1904619	/scratch/users/gerrit/projects/impute-paper/ggvp/alignments/SAMEA1904619/
SAMEA1904620	/scratch/users/gerrit/projects/impute-paper/ggvp/alignments/SAMEA1904620/
SAMEA1904621	/scratch/users/gerrit/projects/impute-paper/ggvp/alignments/SAMEA1904621/
SAMEA1904622	/scratch/users/gerrit/projects/impute-paper/ggvp/alignments/SAMEA1904622/
SAMEA1904623	/scratch/users/gerrit/projects/impute-paper/ggvp/alignments/SAMEA1904623/
SAMEA1904624	/scratch/users/gerrit/projects/impute-paper/ggvp/alignments/SAMEA1904624/
SAMEA1904625	/scratch/users/gerrit/projects/impute-paper/ggvp/alignments/SAMEA1904625/
SAMEA1904626	/scratch/users/gerrit/projects/impute-paper/ggvp/alignments/SAMEA1904626/
SAMEA1904627	/scratch/users/gerrit/projects/impute-paper/ggvp/alignments/SAMEA1904627/
SAMEA1904628	/scratch/users/gerrit/projects/impute-paper/ggvp/alignments/SAMEA1904628/
SAMEA1904629	/scratch/users/gerrit/projects/impute-paper/ggvp/alignments/SAMEA1904629/
SAMEA1904630	/scratch/users/gerrit/projects/impute-paper/ggvp/alignments/SAMEA1904630/
SAMEA1904631	/scratch/users/gerrit/projects/impute-paper/ggvp/alignments/SAMEA1904631/
SAMEA1904632	/scratch/users/gerrit/projects/impute-paper/ggvp/alignments/SAMEA1904632/
SAMEA1904633	/scratch/users/gerrit/projects/impute-paper/ggvp/alignments/SAMEA1904633/
SAMEA1904634	/scratch/users/gerrit/projects/impute-paper/ggvp/alignments/SAMEA1904634/
SAMEA1904635	/scratch/users/gerrit/projects/impute-paper/ggvp/alignments/SAMEA1904635/
SAMEA1904636	/scratch/users/gerrit/projects/impute-paper/ggvp/alignments/SAMEA1904636/
SAMEA1904637	/scratch/users/gerrit/projects/impute-paper/ggvp/alignments/SAMEA1904637/
SAMEA1904638	/scratch/users/gerrit/projects/impute-paper/ggvp/alignments/SAMEA1904638/
SAMEA1904639	/scratch/users/gerrit/projects/impute-paper/ggvp/alignments/SAMEA1904639/
SAMEA1904640	/scratch/users/gerrit/projects/impute-paper/ggvp/alignments/SAMEA1904640/
SAMEA1904641	/scratch/users/gerrit/projects/impute-paper/ggvp/alignments/SAMEA1904641/
SAMEA1904642	/scratch/users/gerrit/projects/impute-paper/ggvp/alignments/SAMEA1904642/
SAMEA1904643	/scratch/users/gerrit/projects/impute-paper/ggvp/alignments/SAMEA1904643/
SAMEA1904644	/scratch/users/gerrit/projects/impute-paper/ggvp/alignments/SAMEA1904644/
SAMEA1904645	/scratch/users/gerrit/projects/impute-paper/ggvp/alignments/SAMEA1904645/
SAMEA1904646	/scratch/users/gerrit/projects/impute-paper/ggvp/alignments/SAMEA1904646/
SAMEA1904647	/scratch/users/gerrit/projects/impute-paper/ggvp/alignments/SAMEA1904647/
SAMEA1904650	/scratch/users/gerrit/projects/impute-paper/ggvp/alignments/SAMEA1904650/
SAMEA1904651	/scratch/users/gerrit/projects/impute-paper/ggvp/alignments/SAMEA1904651/
SAMEA1904652	/scratch/users/gerrit/projects/impute-paper/ggvp/alignments/SAMEA1904652/
SAMEA2031116	/scratch/users/gerrit/projects/impute-paper/ggvp/alignments/SAMEA2031116/
SAMEA2031801	/scratch/users/gerrit/projects/impute-paper/ggvp/alignments/SAMEA2031801/
SAMEA2033013	/scratch/users/gerrit/projects/impute-paper/ggvp/alignments/SAMEA2033013/
SAMEA2039971	/scratch/users/gerrit/projects/impute-paper/ggvp/alignments/SAMEA2039971/
SAMEA2047235	/scratch/users/gerrit/projects/impute-paper/ggvp/alignments/SAMEA2047235/
SAMEA2047353	/scratch/users/gerrit/projects/impute-paper/ggvp/alignments/SAMEA2047353/
SAMEA2047355	/scratch/users/gerrit/projects/impute-paper/ggvp/alignments/SAMEA2047355/
SAMEA2047356	/scratch/users/gerrit/projects/impute-paper/ggvp/alignments/SAMEA2047356/
SAMEA2047357	/scratch/users/gerrit/projects/impute-paper/ggvp/alignments/SAMEA2047357/
SAMEA2048368	/scratch/users/gerrit/projects/impute-paper/ggvp/alignments/SAMEA2048368/
SAMEA2048369	/scratch/users/gerrit/projects/impute-paper/ggvp/alignments/SAMEA2048369/
SAMEA2048370	/scratch/users/gerrit/projects/impute-paper/ggvp/alignments/SAMEA2048370/
SAMEA2048372	/scratch/users/gerrit/projects/impute-paper/ggvp/alignments/SAMEA2048372/
SAMEA2048374	/scratch/users/gerrit/projects/impute-paper/ggvp/alignments/SAMEA2048374/
SAMEA2048376	/scratch/users/gerrit/projects/impute-paper/ggvp/alignments/SAMEA2048376/
SAMEA2049049	/scratch/users/gerrit/projects/impute-paper/ggvp/alignments/SAMEA2049049/
SAMEA2049050	/scratch/users/gerrit/projects/impute-paper/ggvp/alignments/SAMEA2049050/
SAMEA2049051	/scratch/users/gerrit/projects/impute-paper/ggvp/alignments/SAMEA2049051/
SAMEA2049053	/scratch/users/gerrit/projects/impute-paper/ggvp/alignments/SAMEA2049053/
SAMEA2049054	/scratch/users/gerrit/projects/impute-paper/ggvp/alignments/SAMEA2049054/
SAMEA2049055	/scratch/users/gerrit/projects/impute-paper/ggvp/alignments/SAMEA2049055/
SAMEA2049057	/scratch/users/gerrit/projects/impute-paper/ggvp/alignments/SAMEA2049057/
SAMEA2049059	/scratch/users/gerrit/projects/impute-paper/ggvp/alignments/SAMEA2049059/
SAMEA2049062	/scratch/users/gerrit/projects/impute-paper/ggvp/alignments/SAMEA2049062/
SAMEA2055449	/scratch/users/gerrit/projects/impute-paper/ggvp/alignments/SAMEA2055449/
SAMEA2056852	/scratch/users/gerrit/projects/impute-paper/ggvp/alignments/SAMEA2056852/
SAMEA2059698	/scratch/users/gerrit/projects/impute-paper/ggvp/alignments/SAMEA2059698/
SAMEA2418264	/scratch/users/gerrit/projects/impute-paper/ggvp/alignments/SAMEA2418264/
SAMEA2421526	/scratch/users/gerrit/projects/impute-paper/ggvp/alignments/SAMEA2421526/
SAMEA2421527	/scratch/users/gerrit/projects/impute-paper/ggvp/alignments/SAMEA2421527/
SAMEA2421528	/scratch/users/gerrit/projects/impute-paper/ggvp/alignments/SAMEA2421528/
SAMEA2421529	/scratch/users/gerrit/projects/impute-paper/ggvp/alignments/SAMEA2421529/
SAMEA2421530	/scratch/users/gerrit/projects/impute-paper/ggvp/alignments/SAMEA2421530/
